1,"Albedo","Geo","5★","Sword","Main DPS"
2,"Alhaitham","Dendro","5★","Catalyst","Support"
3,"Aloy","Cryo","5★","Bow","Sub DPS"
4,"Ayaka","Cryo","5★","Sword","Main DPS"
5,"Ayato","Hydro","5★","Sword","Main DPS"
6,"Baizhu","Dendro","5★","Catalyst","Support"
7,"Childe","Hydro","5★","Bow","Main DPS"
8,"Cyno","Electro","5★","Polearm","Main DPS"
9,"Dehya","Pyro","5★","Claymore","Support"
10,"Diluc","Pyro","5★","Claymore","Main DPS"
11,"Eula","Cryo","5★","Claymore","Main DPS"
12,"Furina","Hydro","5★","Sword","Sub DPS"
13,"Ganyu","Cryo","5★","Bow","Main DPS"
14,"Hu Tao","Pyro","5★","Polearm","Main DPS"
15,"Itto","Geo","5★","Claymore","Main DPS"
16,"Jean","Anemo","5★","Sword","Support"
17,"Kazuha","Anemo","5★","Sword","Support"
18,"Keqing","Electro","5★","Sword","Main DPS"
19,"Klee","Pyro","5★","Catalyst","Main DPS"
20,"Kokomi","Hydro","5★","Catalyst","Support"
21,"Lyney","Pyro","5★","Catalyst","Support"
22,"Mona","Hydro","5★","Catalyst","Main DPS"
23,"Nahida","Dendro","5★","Sword","Support"
24,"Neuvillette","Hydro","5★","Sword","Support"
25,"Nilou","Hydro","5★","Polearm","Main DPS"
26,"Qiqi","Cryo","5★","Sword","Sub DPS"
27,"Raiden","Electro","5★","Sword","Sub DPS"
28,"Shenhe","Cryo","5★","Bow","Sub DPS"
29,"Tighnari","Dendro","5★","Catalyst","Main DPS"
30,"Traveler (Anemo)","Anemo","5★","Sword","Sub DPS"
31,"Traveler (Dendro)","Dendro","5★","Catalyst","Main DPS"
32,"Traveler (Electro)","Electro","5★","Polearm","Support"
33,"Traveler (Geo)","Geo","5★","Sword","Main DPS"
34,"Traveler (Hydro)","Hydro","5★","Catalyst","Main DPS"
35,"Venti","Anemo","5★","Bow","Sub DPS"
36,"Wanderer","Anemo","5★","Sword","Support"
37,"Wriothesley","Cryo","5★","Sword","Support"
38,"Xiao","Anemo","5★","Polearm","Main DPS"
39,"Yae Miko","Electro","5★","Catalyst","Main DPS"
40,"Yelan","Hydro","5★","Bow","Sub DPS"
41,"Yoimiya","Pyro","5★","Bow","Main DPS"
42,"Zhongli","Geo","5★","Polearm","Main DPS"
43,"Amber","Pyro","4★","Bow","Sub DPS"
44,"Barbara","Hydro","4★","Catalyst","Support"
45,"Beidou","Electro","4★","Claymore","Sub DPS"
46,"Bennett","Pyro","4★","Sword","Support"
47,"Candace","Hydro","4★","Sword","Support"
48,"Charlotte","Cryo","4★","Sword","Support"
49,"Chongyun","Cryo","4★","Sword","Sub DPS"
50,"Collei","Dendro","4★","Catalyst","Support"
51,"Diona","Cryo","4★","Bow","Main DPS"
52,"Dori","Electro","4★","Catalyst","Support"
53,"Faruzan","Anemo","4★","Catalyst","Support"
54,"Fischl","Electro","4★","Bow","Main DPS"
55,"Freminet","Cryo","4★","Polearm","Main DPS"
56,"Gorou","Geo","4★","Bow","Sub DPS"
57,"Heizou","Anemo","4★","Sword","Sub DPS"
58,"Kaeya","Cryo","4★","Sword","Sub DPS"
59,"Kaveh","Dendro","4★","Catalyst","Main DPS"
60,"Kirara","Dendro","4★","Catalyst","Main DPS"
61,"Kuki Shinobu","Electro","4★","Bow","Sub DPS"
62,"Layla","Cryo","4★","Sword","Sub DPS"
63,"Lisa","Electro","4★","Catalyst","Support"
64,"Lynette","Anemo","4★","Sword","Support"
65,"Mika","Cryo","4★","Polearm","Main DPS"
66,"Ningguang","Geo","4★","Catalyst","Main DPS"
67,"Noelle","Geo","4★","Claymore","Main DPS"
68,"Razor","Electro","4★","Claymore","Main DPS"
69,"Rosaria","Cryo","4★","Polearm","Support"
70,"Sara","Electro","4★","Bow","Sub DPS"
71,"Sayu","Anemo","4★","Catalyst","Support"
72,"Sucrose","Anemo","4★","Catalyst","Support"
73,"Thoma","Pyro","4★","Sword","Support"
74,"Xiangling","Pyro","4★","Polearm","Main DPS"
75,"Xingqiu","Hydro","4★","Sword","Sub DPS"
76,"Xinyan","Pyro","4★","Claymore","Main DPS"
77,"Yanfei","Pyro","4★","Catalyst","Sub DPS"
78,"Yaoyao","Dendro","4★","Bow","Sub DPS"
79,"Yun Jin","Geo","4★","Claymore","Main DPS"