1,"15394","223","782","Princess Pasta"
2,"13887","190","776","Dendrobium Stew"
3,"10898","233","676","Satiety Gel"
4,"15102","301","743","Mondstadt Grilled Fish"
5,"15493","335","780","Hanamatsuri Sushi"
6,"16075","324","825","Inazuma Pancake"
7,"13340","230","799","Qiankun Moxa Meat"
8,"16897","336","739","Golden Shrimp Ball"
9,"15180","366","703","Elixir Soup"
10,"14156","289","815","Golden Chicken Burger"
11,"16877","335","799","Diluc's Dawn Winery Hash Brown"
12,"17872","370","799","Slow-Cooked Bamboo Shoot Soup"
13,"14709","341","748","Hot Sand Sauté"
14,"15484","324","743","Tea Break Pancake"
15,"15102","335","780","Tea-Roasted Prawn"
16,"16945","370","782","Boiled Fish in Clear Soup"
17,"18836","287","876","Moon Pie"
18,"16075","335","815","Clams in Gratin"
19,"14764","335","743","Trulla Cementarii Croquette"
20,"15484","335","739","Klee's Radish Veggie Soup"
21,"16543","301","811","Moon Pi"
22,"14242","289","815","Mona's Moreish Moon Pie"
23,"16095","335","780","Golden Fried Chicken"
24,"14242","289","815","Vision of the Dunes Mocktail"
25,"13887","190","776","Gold Rush"
26,"17872","366","739","Tea-Roasted Bamboo Shoot"
27,"16095","370","780","Musou Isshin"
28,"15493","335","780","Vegetarian Abalone"
29,"15180","366","703","Dehya's Basil Soup"
30,"16095","335","780","Juvenile Jade"
31,"16075","324","825","Floral Free-From Pancake"
32,"14764","335","743","Barbatos Ratatouille"
33,"15484","335","739","Almond Tofu"
34,"17836","335","799","Dawn Winery's Secret"
35,"15180","335","780","Adeptus' Temptation"
36,"14242","289","815","Sapphires"
37,"15493","335","780","Sakura Mochi"
38,"15180","366","703","Lavende Melon"
39,"14709","341","748","Jade Parcels"
40,"14764","335","743","Lightning Prawn"
41,"18836","335","799","Rockin' Riffin' Chicken!"
42,"11211","219","653","Nutritious Meal (V.593)"
43,"11211","219","653","Spicy Stew"
44,"12368","270","856","Combat Sauté"
45,"12608","276","653","Sunsetti Nishitama Ramen"
46,"11952","233","682","Fruity Skewers"
47,"11576","257","710","Chilled Meat and Radish Salad"
48,"11576","257","710","Shabu Shabu"
49,"11211","219","653","Nutritious Meal (V.5)"
50,"11211","301","653","Frothy Dandelion Tea"
51,"11211","219","653","Nutritious Meal (V.59)"
52,"11211","219","653","Spicy Ste"
53,"12368","270","856","Crispy Sunshine Sprat"
54,"13024","263","782","Spicy Bamboo Shoot Soup"
55,"12368","263","816","Lash-Fried Filet"
56,"11211","257","710","Fried Radish Balls"
57,"12368","270","856","Chilled Meat and Radish Sala"
58,"12608","276","653","Spicy Tofu"
59,"12608","276","653","Lushet Soup"
60,"12368","263","816","Icy Seafood Noodles"
61,"12608","276","653","Dendro-Toughened Meat"
62,"11952","233","682","Nutritious Meal (V.5931)"
63,"12608","276","653","Violetgrass Vindaloo"
64,"13024","263","782","Venti's Kitchenette Special"
65,"13400","276","782","Seven-Flavor Cephalopod"
66,"16075","324","825","Melt-in-the-Mouth Potatoes"
67,"13024","263","782","Barbatos Ratatouill"
68,"12608","276","653","Tianshu Meat"
69,"12368","263","816","Flash-Fried Filet"
70,"11952","233","682","Flash-Fried File"
71,"11952","233","682","Baked Lobster with Cheese"
72,"12608","276","653","Crystal Shrimp"
73,"13024","263","782","Lavender Melon"
74,"13400","276","782","Rockin' Riffin' Chicken"
75,"13400","276","782","Fila Ignium"
76,"13400","276","782","Lotus Flower Crisp"
77,"13024","263","782","Noodles with Mountain Delicacies"
78,"13400","276","782","Survivor's Grill"
79,"13400","276","782","Giant Rice-Cake Soup"