1,"September 13","Mondstadt","Princeps Cretaceus"
2,"April 30","Sumeru","Luminous Embers"
3,"March 19","Mondstadt","Nora Fortis"
4,"September 28","Inazuma","Flower Watching in Illusory Time"
5,"December 23","Inazuma","Plenilune Gaze"
6,"August 8","Sumeru","Qiankun Moxa"
7,"July 20","Snezhnaya","Raging Tide"
8,"October 12","Inazuma","Never-ending Journey"
9,"April 30","Natlan","Phoenix Noctua"
10,"April 30","Mondstadt","Ragnvindr"
11,"October 25","Mondstadt","Lawrence Pedra"
12,"January 29","Fontaine","Tactical Triplicity"
13,"December 2","Liyue","Sinae Unicornis"
14,"July 15","Liyue","Guide to Afterlife"
15,"July 17","Fontaine","Scion of the Crane"
16,"March 14","Mondstadt","Leo Minor"
17,"October 29","Inazuma","Sinfonia of the Wind"
18,"November 20","Liyue","Trulla Cementarii"
19,"July 27","Mondstadt","Trifolium"
20,"March 3","Fontaine","Funlàn"
21,"April 30","Natlan","Pax Empyrean"
22,"August 31","Fontaine","Astrolabos"
23,"April 30","Sumeru","Vision of the Dunes"
24,"April 30","Natlan","Crux Immissa"
25,"December 31","Fontaine","Manifesto of the Windborne"
26,"March 3","Liyue","Ascetics of the Field"
27,"October 9","Inazuma","Secret Art: Musou Shinsetsu"
28,"April 30","Sumeru","Comedia della Memoria"
29,"April 30","Sumeru","Vision of the Hollow"
30,"June 9","Mondstadt","Trail of the Qilin"
31,"April 30","Sumeru","Rapid Virtue"
32,"July 27","Fontaine","Impetuous Wind"
33,"December 30","Liyue","Invincible Stonewall"
34,"July 20","Fontaine","Fathomless Shadows"
35,"June 16","Mondstadt","Secret Marbles: Devotus"
36,"September 23","Mondstadt","Transcending Heaven"
37,"April 30","Natlan","Shall We Dance?"
38,"April 17","Liyue","Alatus Nemeseos"
39,"July 21","Inazuma","Manifestation of Attendant"
40,"April 30","Sumeru","Sobriquet of the Pious"
41,"July 21","Inazuma","Auspicious Attire: Humongous Display"
42,"December 31","Liyue","Lungedance"
43,"August 10","Mondstadt","Lepus"
44,"July 5","Mondstadt","Crater"
45,"February 14","Liyue","Victor Mare"
46,"February 29","Mondstadt","Rota Calamitas"
47,"April 30","Natlan","Radiant Star"
48,"June 5","Fontaine","Pavo Ocellus"
49,"September 7","Liyue","Nubis Caesor"
50,"April 30","Sumeru","Tectone"
51,"January 18","Mondstadt","Feles"
52,"April 30","Natlan","Herald"
53,"April 30","Sumeru","Budding Fortune"
54,"May 27","Snezhnaya","Raiden Raven"
55,"November 20","Fontaine","Succedent Caeli"
56,"July 10","Fontaine","Sagitta"
57,"April 30","Sumeru","Tragedy of Steps"
58,"November 30","Mondstadt","Pavo Ocellu"
59,"April 30","Sumeru","Raging Fiend"
60,"April 30","Sumeru","Anticipation of the Harvest"
61,"October 23","Snezhnaya","Masumitsu's Talent"
62,"July 5","Fontaine","Pavo Ocelus"
63,"June 9","Snezhnaya","Tempus Fugit"
64,"April 30","Sumeru","Ducasse"
65,"January 30","Natlan","Nova Natus"
66,"August 26","Liyue","Opus Aequilibrium"
67,"March 21","Fontaine","Igneous Sword"
68,"September 9","Mondstadt","Lupus Minor"
69,"January 24","Mondstadt","Spinea Corona"
70,"June 30","Snezhnaya","Subjugation: Koukou Sendou"
71,"July 9","Mondstadt","Nyctereutes Minor"
72,"November 26","Mondstadt","Alatus Nemeseo"
73,"April 30","Natlan","Clavis Castrum"
74,"November 2","Liyue","Ladis Serpentis"
75,"October 9","Liyue","Fabulae Textile"
76,"October 16","Fontaine","Fila Ignium"
77,"February 28","Fontaine","Bestiad Dominus"
78,"April 30","Sumeru","Nature's Bouquet"
79,"April 30","Sumeru","Duo Moon Duet"